S. No,University,Programme,Year of Entry,Decision Date,Decision,CGPA,GRE,TOEFL,Work Experience,Research Experience,Research Papers,Submitted Portfolio,Student Status,Class Size,THE Rank,QS Rank,Application Date
1,Georgia Tech,MS HCI,2021,17-Mar-21,Rejected,3.8,NA,117,1,Yes,2,Yes,I,52,38,70,02-Jan-21
2,Georgia Tech,MS HCI,2021,17-Mar-21,Rejected,3.5,NA,112,4,Yes,6,Yes,I,52,38,70,15-Jan-21
3,Georgia Tech,MS HCI,2021,17-Mar-21,Rejected,3.2,NA,NA,2,Yes,0,Yes,A,52,38,70,01-Feb-21
4,Georgia Tech,MS HCI,2021,17-Mar-21,Rejected,2.7,320,113,1.5,No,0,Yes,I,52,38,70,01-Feb-21
5,Georgia Tech,MS HCI,2021,17-Mar-21,Rejected,3.6,320,NA,1,No,0,Yes,U,52,38,70,01-Feb-21
6,Georgia Tech,MS HCI,2021,17-Mar-21,Rejected,3.4,NA,117,0.5,No,0,Yes,U,52,38,70,01-Feb-21
7,Georgia Tech,MS HCI,2021,17-Mar-21,Rejected,3.6,329,NA,0.5,No,0,Yes,A,52,38,70,01-Feb-21
8,Georgia Tech,MS HCI,2021,17-Mar-21,Rejected,3.15,NA,109,2,Yes,1,Yes,I,52,38,70,31-Jan-21
9,Georgia Tech,MS HCI,2021,15-Mar-21,Accepted,3.8,NA,NA,1,No,0,Yes,A,52,38,70,27-Jan-21
10,Georgia Tech,MS HCI,2021,17-Mar-21,Rejected,3,NA,101,2,Yes,2,Yes,I,52,38,70,27-Jan-21
11,Georgia Tech,MS HCI,2021,15-Mar-21,Accepted,3.96,319,NA,2,Yes,2,No,A,52,38,70,31-Jan-21
12,Georgia Tech,MS HCI,2021,17-Mar-21,Rejected,3.59,NA,NA,1,Yes,0,Yes,A,52,38,70,31-Jan-21
13,Georgia Tech,MS HCI,2021,17-Mar-21,Rejected,3.8,NA,108,0.5,Yes,1,Yes,I,52,38,70,01-Feb-21
14,Georgia Tech,MS HCI,2021,17-Mar-21,Rejected,3.86,NA,NA,4,Yes,0,Yes,A,52,38,70,01-Feb-21
15,Georgia Tech,MS HCI,2021,17-Mar-21,Rejected,3.6,NA,NA,2,Yes,0,Yes,U,52,38,70,01-Feb-21
16,Georgia Tech,MS HCI,2021,17-Mar-21,Rejected,3.3,NA,114,3.5,Yes,0,Yes,I,52,38,70,30-Jan-21
17,Georgia Tech,MS HCI,2021,17-Mar-21,Rejected,3.6,NA,NA,3.5,Yes,1,No,A,52,38,70,01-Feb-21
18,Georgia Tech,MS HCI,2021,15-Mar-21,Accepted,3.85,NA,NA,1,Yes,0,Yes,A,52,38,70,03-Jan-21
19,Georgia Tech,MS HCI,2021,15-Mar-21,Accepted,3.5,NA,NA,0,No,0,Yes,A,52,38,70,03-Jan-21
20,Georgia Tech,MS HCI,2021,15-Mar-21,Accepted,3.3,NA,NA,1,No,0,Yes,A,52,38,70,12-Jan-20
21,Georgia Tech,MS HCI,2021,15-Mar-21,Accepted,3.9,NA,110,0.5,No,0,Yes,I,52,38,70,03-Jan-21
22,Georgia Tech,MS HCI,2020,07-Mar-20,Rejected,3.6,NA,NA,0,No,0,No,A,52,38,70,12-Jan-20
23,Georgia Tech,MS HCI,2020,04-Mar-20,Rejected,3.7,324,117,0.5,Yes,1,Yes,I,52,38,70,26-Dec-19
24,Georgia Tech,MS HCI,2020,04-Mar-20,Rejected,3.7,329,NA,0,No,0,No,A,52,38,70,13-Jan-20
25,Georgia Tech,MS HCI,2020,04-Mar-20,Rejected,3.6,325,110,1,Yes,0,Yes,I,52,38,70,02-Jan-20
26,Georgia Tech,MS HCI,2020,20-Feb-20,Accepted,3.6,320,NA,3,Yes,1,No,A,52,38,70,29-Dec-19
27,Georgia Tech,MS HCI,2020,20-Feb-20,Accepted,3.4,321,NA,0,No,0,No,A,52,38,70,02-Jan-20
28,Georgia Tech,MS HCI,2020,20-Feb-20,Accepted,3.46,323,107,1,No,0,No,I,52,38,70,10-Jan-20
29,Georgia Tech,MS HCI,2020,20-Feb-20,Accepted,3.8,321,104,3,No,0,Yes,I,52,38,70,04-Jan-20
30,Georgia Tech,MS HCI,2019,23-Feb-19,Accepted,3.27,324,NA,2,Yes,1,Yes,A,52,38,70,10-Jan-19
31,Georgia Tech,MS HCI,2019,23-Feb-19,Accepted,3.8,323,113,2,Yes,1,Yes,I,52,38,70,29-12-2018
32,Georgia Tech,MS HCI,2019,23-Feb-19,Accepted,3.5,307,101,5,Yes,1,Yes,I,52,38,70,01-01-2018
33,University of Washington,MS HCDE,2021,06-Mar-21,Accepted,3.8,NA,117,1,Yes,2,No,I,45,29,72,29-Dec-20
34,University of Washington,MS HCDE,2021,06-Mar-21,Rejected,3.5,NA,112,4,Yes,6,Yes,I,122,29,72,15-Jan-21
35,University of Washington,MS HCDE,2021,06-Mar-21,Rejected,2.8,316,112,3.5,No,0,No,I,122,29,72,10-Jan-21
36,University of Washington,MS HCDE,2021,06-Mar-21,Accepted,3.7,329,NA,3,Yes,0,No,U,122,29,72,15-Jan-21
37,University of Washington,MHCID,2021,06-Mar-21,Rejected,3.6,NA,NA,5.5,No,0,Yes,I,30,29,72,01-Jan-21
38,University of Washington,MS HCDE,2021,06-Mar-21,Rejected,3.4,NA,112,0,No,0,No,I,122,29,72,15-Jan-21
39,University of Washington,MS HCDE,2021,05-Mar-21,Rejected,3.7,NA,NA,0,No,0,No,U,122,29,72,14-Jan-21
40,University of Washington,MHCID,2021,05-Mar-21,Rejected,3.7,NA,NA,0,No,0,No,U,30,29,72,14-Jan-21
42,University of Washington,MS HCDE,2021,06-Mar-21,Accepted,3.4,NA,117,0.5,No,0,Yes,U,122,29,72,15-Jan-21
43,University of Washington,MHCID,2021,12-Mar-21,Rejected,3.4,325,117,0.5,No,0,Yes,U,30,29,72,15-Jan-21
44,University of Washington,MS HCDE,2021,06-Mar-21,Rejected,3.8,NA,NA,0,No,0,Yes,U,122,29,72,15-Jan-21
45,University of Washington,MHCID,2021,12-Mar-21,Rejected,3.6,NA,105,1,No,0,Yes,A,30,29,72,14-Jan-21
46,University of Washington,MS HCDE,2021,06-Mar-21,Rejected,2.7,320,113,1.5,No,0,Yes,I,122,29,72,15-Jan-21
47,University of Washington,MS HCDE,2021,06-Mar-21,Rejected,3.6,NA,NA,1,No,0,No,U,122,29,72,15-Jan-21
48,University of Washington,MHCID,2021,06-Mar-21,Rejected,3.6,NA,NA,1,No,0,Yes,U,30,29,72,15-Jan-21
49,University of Washington,MS HCDE,2021,06-Mar-21,Rejected,3.9,NA,NA,1,No,0,Yes,I,122,29,72,15-Jan-21
50,University of Washington,MS HCDE,2021,06-Mar-21,Accepted,3.8,NA,NA,5,No,0,Yes,I,122,29,72,13-Nov-20
51,University of Washington,MHCID,2021,06-Mar-21,Rejected,3.8,NA,NA,5,No,0,Yes,I,30,29,72,10-Nov-20
52,University of Washington,MS HCDE,2021,05-Mar-21,Rejected,3.5,NA,NA,1,No,0,No,U,122,29,72,15-Jan-21
53,University of Washington,MHCID,2021,06-Mar-21,Rejected,3.5,NA,NA,1,No,0,Yes,U,30,29,72,15-Jan-21
54,University of Washington,MS HCDE,2021,05-Mar-21,Rejected,3.85,335,114,2,No,0,Yes,I,122,29,72,15-Jan-21
55,University of Washington,MHCID,2021,05-Mar-21,Rejected,3.5,NA,106,4,No,0,Yes,I,30,29,72,15-Jan-21
56,University of Washington,MS HCDE,2021,05-Mar-21,Rejected,3.5,NA,106,4,No,0,No,I,122,29,72,15-Jan-21
57,University of Washington,MS HCDE,2021,05-Mar-21,Accepted,3.98,NA,NA,3,Yes,0,Yes,A,122,29,72,15-Jan-21
58,University of Washington,MHCID,2021,05-Mar-21,Rejected,3.22,325,NA,2,Yes,0,Yes,A,30,29,72,15-Jan-21
59,University of Washington,MS HCDE,2021,06-Mar-21,Accepted,3.82,325,115,2,Yes,1,Yes,U,122,29,72,15-Jan-21
60,University of Washington,MHCID,2021,05-Mar-21,Rejected,3.82,325,115,2,Yes,1,Yes,U,30,29,72,15-Jan-21
61,University of Washington,MS HCDE,2021,06-Mar-21,Accepted,3.62,NA,NA,0,Yes,0,Yes,A,122,29,72,15-Jan-21
62,University of Washington,MHCID,2021,05-Mar-21,Rejected,3.62,NA,NA,0,Yes,0,Yes,A,30,29,72,16-Jan-21
63,University of Washington,MS HCDE,2021,05-Mar-21,Rejected,3.58,NA,NA,2,No,0,Yes,U,122,29,72,19-Oct-21
64,University of Washington,MS HCDE,2021,06-Mar-21,Accepted,3.8,330,NA,0.5,Yes,2,Yes,I,122,29,72,15-Jan-21
65,University of Washington,MHCID,2021,12-Mar-21,Rejected,3.59,NA,NA,1,Yes,0,Yes,A,30,29,72,15-Jan-21
66,University of Washington,MHCID,2021,12-Mar-21,Rejected,3.9,NA,NA,1,Yes,0,No,A,30,29,72,15-Jan-21
67,University of Washington,MHCID,2021,12-Mar-21,Rejected,3.5,NA,NA,0,No,0,Yes,A,30,29,72,15-Jan-21
68,University of Washington,MS HCDE,2021,06-Mar-21,Accepted,3.3,NA,114,3.5,Yes,0,Yes,I,122,29,72,14-Jan-21
70,University of Washington,MHCID,2021,12-Mar-21,Rejected,3.7,NA,NA,3,No,0,Yes,I,30,29,72,06-Nov-21
71,University of Washington,MHCID,2021,12-Mar-21,Rejected,3.3,312,108,0,No,0,Yes,I,30,29,72,15-Nov-20
72,University of Washington,MS HCDE,2021,12-Mar-21,Rejected,3.3,312,108,0,No,0,Yes,I,122,29,72,15-Nov-20
73,University of Washington,MS HCDE,2021,05-Mar,Accepted,3,NA,NA,2.5,Yes,0,Yes,U,122,29,72,15-Jan-21
74,University of Washington,MHCID,2021,12-Mar-21,Rejected,3.5,309,86,6,No,0,Yes,I,30,29,72,15-Jan-21
75,University of Washington,MHCID,2021,12-Mar-21,Rejected,3.3,NA,110,5,Yes,0,Yes,I,30,29,72,25-Nov-20
76,University of Washington,MHCID,2021,12-Mar-21,Rejected,3.7,NA,110,3,No,0,Yes,I,30,29,72,
77,University of Washington,MHCID,2021,12-Mar-21,Accepted,3.6,314,114,4,Yes,1,Yes,I,30,29,72,
78,University of Washington,MHCID,2021,12-Mar-21,Accepted,3.8,321,115,2,Yes,0,Yes,I,30,29,72,
79,University of Washington,MHCID,2020,06-Mar-20,Rejected,3,300,115,0,No,0,Yes,I,30,29,72,
80,University of Washington,MS HCDE,2020,06-Mar-20,Rejected,3.8,330,116,3,Yes,0,Yes,I,122,29,72,
81,University of Washington,MHCID,2020,14-Mar-20,Accepted,3.6,329,112,0,Yes,0,No,I,30,29,72,
82,University of Washington,MS HCDE,2020,14-Mar-20,Accepted,3.3,323,110,2,Yes,0,No,I,122,29,72,
83,University of Washington,MS HCDE,2020,14-Mar-20,Rejected,3.5,NA,NA,2,Yes,1,Yes,A,122,29,72,
84,University of Washington,MHCID,2020,14-Mar-20,Accepted,3.5,NA,NA,2,Yes,1,Yes,A,30,29,72,
85,University of Washington,MS HCDE,2020,14-Mar-20,Accepted,3.6,NA,NA,2,No,0,Yes,U,122,29,72,
86,University of Washington,MHCID,2020,14-Mar-20,Accepted,3.4,NA,NA,1,Yes,0,Yes,U,30,29,72,
87,University of Washington,MS HCDE,2020,14-Mar-20,Accepted,3.9,NA,NA,1,Yes,0,Yes,A,122,29,72,
88,University of Washington,MHCID,2020,14-Mar-20,Rejected,3.7,NA,NA,0,No,0,No,I,30,29,72,
89,University of Washington,MS HCDE,2020,14-Mar-20,Rejected,3.93,322,NA,0,Yes,0,Yes,A,122,29,72,
90,University of Michigan,MSI,2021,18-Mar-21,Accepted,3.5,NA,NA,3,No,0,Yes,A,450,22,21,15-Jan-21
91,University of Michigan,MSI,2021,18-Mar-21,Accepted,3.6,NA,105,1,No,0,Yes,A,450,22,21,14-Jan-21
92,University of Michigan,MSI,2021,18-Mar-21,Accepted,3.6,NA,NA,1,No,0,Yes,A,450,22,21,15-Jan-21
93,University of Michigan,MSI,2021,18-Mar-21,Accepted,3,332,110,1.5,No,0,Yes,I,450,22,21,15-Jan-21
94,University of Michigan,MSI,2021,18-Mar-21,Accepted,3.8,314,108,0.5,Yes,1,Yes,I,450,22,21,14-Jan-21
95,University of Michigan,MSI,2021,23-Apr-21,Accepted,3.7,NA,99,1,No,0,Yes,I,450,22,21,15-Jan-21
96,University of Michigan,MSI,2021,02-Apr-21,Accepted,3.7,NA,NA,1.5,Yes,2,Yes,I,450,22,21,15th Jan 2021
97,University of Michigan,MSI,2021,02-Apr-21,Accepted,3.5,309,86,5,No,0,Yes,I,450,22,21,15-Jan-21
98,University of Michigan,MSI,2021,23-Apr-21,Accepted,3.7,NA,NA,1,No,0,Yes,A,450,22,21,15-Jan-21
99,University of Michigan,MSI,2021,02-Apr-21,Accepted,3.7,NA,NA,0,No,0,No,U,450,22,21,
100,University of Michigan,MSI,2020,25-Mar-20,Accepted,3.5,310,112,3,No,0,No,I,450,22,21,
101,University of Michigan,MSI,2020,17-May-20,Rejected,3,NA,104,2,No,0,No,I,450,22,21,
102,University of Michigan,MSI,2020,23-Mar-20,Accepted,3.7,NA,NA,0,Yes,0,No,A,450,22,21,
103,University of Michigan,MSI,2020,23-Mar-20,Accepted,3.4,NA,NA,1,Yes,0,Yes,U,450,22,21,
104,University of Michigan,MSI,2020,23-Mar-20,Accepted,3.86,NA,113,2,Yes,1,Yes,I,450,22,21,
105,University of Michigan,MSI,2020,23-Mar-20,Accepted,3.4,NA,NA,0,No,0,No,A,450,22,21,
106,University of Michigan,MSI,2020,17-May-20,Rejected,3.8,319,110,1,Yes,0,Yes,I,450,22,21,
107,University of Michigan,MSI,2019,25-Mar-19,Rejected,3.5,332,116,0.5,Yes,0,No,I,450,22,21,
108,University of Texas Austin,MSIS,2021,13-Apr-21,Rejected,3.5,NA,NA,3,No,0,Yes,A,50,31,67,25-Jan-21
109,University of Texas Austin,MSIS,2021,31-Mar-21,Accepted,3.6,NA,105,1,No,1,Yes,A,50,31,67,29-Jan-21
110,University of Texas Austin,MSIS,2021,13-Apr-21,Rejected,3,NA,99,2.5,No,0,Yes,I,50,31,67,31-Jan-21
111,University of Texas Austin,MSIS,2021,31-Mar-21,Accepted,3.3,314,114,3.5,Yes,1,Yes,I,50,31,67,30-Jan-21
112,University of Texas Austin,MSIS,2021,13-Apr-21,Rejected,3.5,309,NA,6,No,0,Yes,I,50,31,67,30-Jan-21
113,University of Texas Austin,MSIS,2021,16-Apr-21,Accepted,3.4,NA,93,8,No,0,No,I,50,31,67,30-Dec-20
114,University of Texas Austin,MSIS,2021,15-Apr-21,Accepted,3.3,NA,8,1,No,2,No,I,50,31,67,21-Jan-21
115,University of Texas Austin,MSIS,2021,16-Apr-21,Accepted,3.5,NA,NA,0,Yes,0,No,U,50,31,67,01-Feb-21
116,University of Texas Austin,MSIS,2021,13-Apr-21,Rejected,3,NA,103,1,Yes,0,No,I,50,31,67,
117,University of Texas Austin,MSIS,2021,15-Apr-21,Accepted,3.3,NA,105,2,No,0,No,I,50,31,67,
118,University of Texas Austin,MSIS,2021,15-Apr-21,Accepted,3.7,NA,NA,0,Yes,0,No,A,50,31,67,
119,University of Texas Austin,MSIS,2021,15-Apr-21,Accepted,3.6,NA,NA,0,No,0,Yes,A,50,31,67,
120,University of Texas Austin,MSIS,2021,13-Apr-21,Accepted,3.43,NA,NA,3,Yes,1,Yes,A,50,31,67,
121,University of Texas Austin,MSIS,2021,02-Apr-21,Accepted,3.3,NA,100,5,Yes,0,Yes,I,50,31,67,
122,University of Texas Austin,MSIS,2021,16-Apr-21,Accepted,3.6,301,105,2,No,0,Yes,I,50,31,67,
123,University of Texas Austin,MSIS,2021,26-Apr-21,Accepted,3.3,NA,102,0,Yes,0,Yes,I,50,31,67,
124,University of Texas Austin,MSIS,2021,15-Apr-21,Accepted,3.8,319,110,3,Yes,0,Yes,I,50,31,67,
125,University of Texas Austin,MSIS,2021,13-Apr-21,Rejected,3,317,98,4,No,0,No,I,50,31,67,
126,University of Texas Austin,MSIS,2021,31-Mar-21,Rejected,3.7,314,98,0.5,Yes,2,Yes,I,50,31,67,
127,University of Texas Austin,MSIS,2021,13-Apr-21,Rejected,3.7,313,110,0,No,0,No,I,50,31,67,
128,University of Texas Austin,MSIS,2020,22-Mar-20,Accepted,3.3,324,110,0,No,0,No,I,50,31,67,
129,University of Texas Austin,MSIS,2020,28-Mar-20,Accepted,3.7,325,114,1,Yes,0,No,I,50,31,67,
130,University of Texas Austin,MSIS,2020,25-Mar-20,Rejected,3,324,120,4,No,0,No,I,50,31,67,
131,University of Texas Austin,MSIS,2020,02-Apr-20,Accepted,3.9,314,110,0,Yes,0,No,I,50,31,67,
132,University of Texas Austin,MSIS,2020,13-Mar-20,Accepted,3.7,NA,NA,2,Yes,0,No,A,50,31,67,
133,University of Texas Austin,MSIS,2019,06-Jun-19,Rejected,3.4,313,NA,0,No,0,No,A,50,31,67,
134,University of Texas Austin,MSIS,2019,28-Mar-19,Accepted,3.4,320,NA,1,No,0,No,A,50,31,67,
135,Indiana University Bloomington,MS HCI/d,2021,06-Mar-21,Accepted,2.7,320,113,1.5,No,0,Yes,I,45,140,320,31-Dec-20
136,Indiana University Bloomington,MS HCI/d,2021,06-Mar-21,Rejected,2.8,316,112,3.5,No,0,Yes,I,45,140,320,28-Dec-20
137,Indiana University Bloomington,MS HCI/d,2021,05-03-2021,Accepted,3.6,NA,105,1,No,0,Yes,A,45,140,320,28-Dec-20
139,Indiana University Bloomington,MS HCI/d,2021,05-Mar-21,Accepted,3.7,NA,112,3,No,0,Yes,I,45,140,320,31-Dec-20
140,Indiana University Bloomington,MS HCI/d,2021,05-Mar-21,Accepted,3.7,325,117,1,No,0,Yes,I,45,140,320,01-Jan-21
141,Indiana University Bloomington,MS HCI/d,2021,05-Mar-21,Accepted,3.3,NA,101,2,Yes,2,Yes,I,45,140,320,26-Dec-21
142,Indiana University Bloomington,MS HCI/d,2021,05-Mar-21,Accepted,3.5,NA,106,4,No,0,Yes,I,45,140,320,30-Jan-21
143,Indiana University Bloomington,MS HCI/d,2021,11-Mar-21,Accepted,3.8,NA,106,1,No,0,Yes,I,45,140,320,01-Jan-21
144,Indiana University Bloomington,MS HCI/d,2021,05-Mar-21,Accepted,3.3,NA,108,1,No,0,Yes,I,45,140,320,28-Dec-20
145,Indiana University Bloomington,MS HCI/d,2021,25-Mar-21,Rejected,3.59,NA,NA,1,Yes,0,Yes,A,45,140,320,31-Dec-20
146,Indiana University Bloomington,MS HCI/d,2021,13-Mar-21,Accepted,3.3,NA,109,1,No,0,Yes,I,45,140,320,31-Dec-20
147,Indiana University Bloomington,MS HCI/d,2021,12-Mar-21,Accepted,3.37,312,108,0,No,0,Yes,I,45,140,320,15-Nov-20
148,Indiana University Bloomington,MS HCI/d,2021,25-Mar-21,Rejected,3.8,314,108,0.5,Yes,1,Yes,I,45,140,320,30-Jan-21
149,Indiana University Bloomington,MS HCI/d,2021,18-Mar-21,Rejected,3.38,318,105,0,No,0,Yes,I,45,140,320,30-Dec-20
150,Indiana University Bloomington,MS HCI/d,2021,25-Mar-21,Accepted,3.4,NA,93,8,No,0,Yes,I,45,140,320,30-Dec-20
151,Indiana University Bloomington,MS HCI/d,2021,11-Mar-21,Accepted,3.7,NA,NA,2,Yes,0,Yes,A,45,140,320,
152,Indiana University Bloomington,MS HCI/d,2021,11-Mar-21,Accepted,3.2,NA,100,3,Yes,1,Yes,I,45,140,320,
153,Indiana University Bloomington,MS HCI/d,2021,05-Mar-21,Accepted,3.2,320,112,2,Yes,0,Yes,I,45,140,320,
154,Indiana University Bloomington,MS HCI/d,2021,23-Mar-21,Rejected,3.5,NA,96,3.5,No,0,Yes,I,45,140,320,
155,Indiana University Bloomington,MS HCI/d,2021,25-Mar-21,Accepted,3.4,NA,97,4.5,Yes,1,Yes,I,45,140,320,
156,Indiana University Bloomington,MS HCI/d,2021,24-Mar-21,Rejected,3.6,332,115,0,Yes,2,Yes,I,45,140,320,
157,Indiana University Bloomington,MS HCI/d,2020,09-Apr-20,Accepted,3.6,303,105,0.5,Yes,0,Yes,I,45,140,320,
158,Indiana University Bloomington,MS HCI/d,2020,09-Apr-20,Accepted,3.3,308,103,2.5,Yes,0,Yes,I,45,140,320,
159,Indiana University Bloomington,MS HCI/d,2020,11-Mar-20,Accepted,3.6,318,108,0,Yes,0,Yes,I,45,140,320,
160,Indiana University Bloomington,MS HCI/d,2019,09-Mar-19,Rejected,3.6,319,NA,2,Yes,0,Yes,A,45,140,320,
161,Indiana University Bloomington,MS HCI/d,2019,09-Mar-19,Rejected,3,313,98,3,Yes,0,Yes,I,45,140,320,
162,Indiana University Bloomington,MS HCI/d,2019,08-Mar-19,Accepted,3.46,321,100,2,No,0,Yes,I,45,140,320,
163,Pratt Institute,IXD,2021,23-Feb-21,Accepted,3.38,NA,97,0,No,0,Yes,I,22,227,430,05-Jan
164,Pratt Institute,IXD,2021,23-Feb-21,Rejected,3.6,NA,105,1,No,0,Yes,A,22,227,430,04-Jan
165,Pratt Institute,IXD,2021,23-Feb-21,Accepted,3.3,NA,NA,2,No,0,No,A,22,227,430,04-Jan
166,Pratt Institute,IXD,2021,23-Feb-21,Accepted,3.7,325,117,1,Yes,0,Yes,I,22,227,430,05-Jan
167,Pratt Institute,IXD,2021,23-Feb-21,Accepted,3.7,NA,NA,2.5,No,0,No,A,22,227,430,05-Jan
168,Pratt Institute,IXD,2021,23-Feb-21,Accepted,3.9,NA,NA,1,No,0,No,U,22,227,430,05-Jan
169,Pratt Institute,IXD,2021,23-Feb-21,Accepted,3.7,312,108,0,No,0,Yes,I,22,227,430,15-Nov-20
170,Pratt Institute,IXD,2021,23-Feb-21,Rejected,3,NA,99,2.5,No,0,Yes,I,22,227,430,05-Jan-21
171,Pratt Institute,IXD,2021,23-Feb-21,Accepted,3.4,NA,93,8,No,0,Yes,I,22,227,430,30-Dec-20
172,Pratt Institute,IXD,2021,25-Feb-21,Accepted,3.7,NA,97,2,No,0,Yes,I,22,227,430,
173,Pratt Institute,IXD,2021,04-Mar-21,Accepted,3.7,NA,108,0,No,0,Yes,I,22,227,430,
174,Pratt Institute,IXD,2021,23-Feb-21,Accepted,3.85,NA,NA,1,No,0,Yes,A,22,227,430,
175,Pratt Institute,IXD,2021,23-Feb-21,Rejected,3.5,NA,103,1,No,0,Yes,I,22,227,430,
176,Pratt Institute,IXD,2021,23-Feb-21,Rejected,3.6,NA,NA,0,No,0,Yes,U,22,227,430,
177,Pratt Institute,IXD,2021,01-Mar-21,Rejected,3.6,NA,93,2,No,0,Yes,I,22,227,430,
178,Pratt Institute,IXD,2021,23-Feb-21,Accepted,3.6,318,97,0,No,0,Yes,I,22,227,430,
179,Pratt Institute,IXD,2021,01-Mar-21,Rejected,2.7,NA,103,0,No,0,Yes,I,22,227,430,
180,Pratt Institute,IXD,2021,26-Feb-21,Rejected,3.7,NA,110,3,No,0,Yes,I,22,227,430,
181,Pratt Institute,IXD,2020,06-Mar-20,Accepted,3.54,NA,100,1,Yes,0,Yes,I,22,227,430,
182,Pratt Institute,IXD,2020,06-Mar-20,Accepted,3.21,NA,NA,1,Yes,0,Yes,A,22,227,430,
183,Pratt Institute,IXD,2020,06-Mar-20,Rejected,3.6,NA,NA,0,No,0,Yes,U,22,227,430,
184,Indiana University Purdue,MS HCI,2021,10-Mar-21,Accepted,2.75,320,113,1.5,No,0,Yes,I,35,650,760,15-Jan-21
185,Indiana University Purdue,MS HCI,2021,01-May-20,Accepted,3,302,95,0,No,0,Yes,I,35,650,760,01-Mar-20
186,Indiana University Purdue,MS HCI,2021,10-Apr-21,Accepted,3.7,302,90,3,No,0,Yes,I,35,650,760,01-Mar-21
187,Indiana University Purdue,MS HCI,2021,20-Apr-21,Accepted,2.75,305,96,0.5,Yes,0,Yes,I,35,650,760,
188,Indiana University Purdue,MS HCI,2021,10-Apr-21,Accepted,3.75,310,110,3,No,0,Yes,I,35,650,760,
189,Indiana University Purdue,MS HCI,2021,10-Apr-21,Accepted,3.7,313,105,1,No,0,Yes,I,35,650,760,
190,Indiana University Purdue,MS HCI,2021,10-Apr-21,Accepted,3.35,311,97,4.5,No,0,Yes,I,35,650,760,
191,Indiana University Purdue,MS HCI,2021,25-Feb-21,Rejected,2.4,292,98,0,No,0,Yes,I,35,650,760,
192,Indiana University Purdue,MS HCI,2021,15-Mar-21,Accepted,2.7,312,105,0.5,No,0,Yes,I,35,650,760,
193,Indiana University Purdue,MS HCI,2021,10-Mar-21,Accepted,3.7,320,107,0,No,1,Yes,I,35,650,760,
194,Rochester Institute ,MS HCI,2021,13-Feb-21,Accepted,2.7,320,113,1.5,No,0,No,I,25,650,115,
195,Rochester Institute ,MS HCI,2021,10-Feb-21,Rejected,3.9,NA,NA,1,No,0,No,U,25,650,115,
196,Rochester Institute ,MS HCI,2021,20-Jan-21,Accepted,3.3,318,97,0,No,0,No,I,25,650,115,
197,Rochester Institute ,MS HCI,2021,13-Feb-21,Accepted,3.59,NA,NA,0.5,Yes,0,No,U,25,650,115,
198,Rochester Institute ,MS HCI,2021,02-Mar-21,Accepted,3.8,314,108,0.5,Yes,1,No,I,25,650,115,
199,Rochester Institute ,MS HCI,2021,28-Mar-21,Accepted,3.5,309,86,6,No,0,No,I,25,650,115,
200,Rochester Institute ,MS HCI,2021,10-Feb-21,Rejected,3.9,323,NA,0,No,0,No,A,25,650,115,
201,Rochester Institute ,MS HCI,2021,06-Feb-21,Accepted,3.5,319,113,1.5,Yes,0,Yes,I,25,650,115,
202,Rochester Institute ,MS HCI,2021,31-Jan-21,Rejected,3.2,308,98,0,No,0,No,I,25,650,115,
203,University of Maryland (College Park),MS HCI,2021,28-Feb-21,Accepted,2.75,320,113,1.5,No,0,Yes,I,35,90,152,15-Jan-21
204,University of Maryland (College Park),MS HCI,2021,28-Feb-21,Accepted,3.9,NA,NA,1,No,0,Yes,U,35,90,152,10-Jan-21
205,University of Maryland (College Park),MS HCI,2021,28-Feb-21,Accepted,3.3,314,114,3.5,Yes,0,Yes,I,35,90,152,12-Jan-21
206,University of Maryland (College Park),MS HCI,2021,13-Mar-21,Rejected,3,313,110,0,No,0,Yes,I,35,90,152,13-Dec-21
207,University of Maryland (College Park),MS HCI,2021,13-Mar-21,Rejected,3.7,313,117,1,No,0,Yes,I,35,90,152,13-12-2020
208,University of Maryland (College Park),MS HCI,2021,11-Mar-21,Accepted,3.3,312,108,0,No,0,Yes,I,35,90,152,15-Nov-20
209,University of Maryland (College Park),MS HCI,2021,13-Mar-21,Rejected,3.9,309,105,1,No,0,Yes,I,35,90,152,15-Jan-21
210,University of Maryland (College Park),MS HCI,2021,13-Mar-21,Rejected,3.8,314,108,0.5,Yes,1,Yes,I,35,90,152,15-Jan-21
211,University of Maryland (College Park),MS HCI,2021,13-Mar-21,Rejected,3.5,309,86,6,No,0,Yes,I,35,90,152,15-Jan-21
212,University of Maryland (College Park),MS HCI,2021,27-Feb-20,Accepted,3.8,324,117,0.5,Yes,1,Yes,I,35,90,152,29-Dec-19
213,University of Maryland (College Park),MS HCI,2021,03-Mar-21,Rejected,2.7,323,117,3.5,No,0,Yes,I,35,90,152,
214,University of Maryland (College Park),MS HCI,2021,11-Mar-21,Accepted,2.8,319,110,1.5,Yes,0,Yes,I,35,90,152,
215,University of Maryland (College Park),MS HCI,2021,11-Mar-21,Accepted,3.4,NA,NA,2,Yes,0,Yes,A,35,90,152,
216,University of Maryland (College Park),MS HCI,2021,24-Mar-21,Accepted,3.3,324,114,2,No,0,Yes,I,35,90,152,
217,University of Maryland (College Park),MS HCI,2021,24-Mar-21,Accepted,3.6,319,114,0.5,No,0,Yes,I,35,90,152,
218,University of Maryland (College Park),MS HCI,2021,28-Feb-21,Accepted,3.75,320,114,1,Yes,1,Yes,I,35,90,152,
219,University of Maryland (College Park),MS HCI,2021,24-Mar-21,Accepted,3.85,317,107,2,Yes,0,Yes,I,35,90,152,
220,University of Maryland (College Park),MS HCI,2020,11-Mar-20,Accepted,3.4,317,105,0,No,0,Yes,I,35,90,152,
221,University of Maryland (College Park),MS HCI,2020,27-Feb-20,Accepted,3.4,321,NA,1,Yes,0,Yes,A,35,90,152,
222,University of Maryland (College Park),MS HCI,2020,25-Feb-20,Accepted,3.21,NA,NA,0,No,0,Yes,A,35,90,152,
223,University of Maryland (College Park),MS HCI,2020,27-Feb-20,Rejected,2.8,301,105,1.5,No,0,Yes,I,35,90,152,
224,University of Maryland (College Park),MS HCI,2020,25-Feb-20,Accepted,3.6,324,117,0.5,Yes,1,Yes,I,35,90,152,
225,University of Maryland (College Park),MS HCI,2020,01-Apr-20,Rejected,3,296,102,2.5,No,0,Yes,I,35,90,152,
226,University of Maryland (College Park),MS HCI,2020,25-Feb-20,Accepted,3.9,317,111,1,Yes,0,Yes,I,35,90,152,
227,University of Maryland (College Park),MS HCI,2020,25-Feb-20,Rejected,3.2,309,103,2,No,0,Yes,I,35,90,152,
228,University of Maryland (College Park),MS HCI,2020,25-Feb-20,Rejected,3.6,305,100,0.5,Yes,1,Yes,I,35,90,152,
229,University of Maryland (College Park),MS HCI,2020,25-Feb-20,Accepted,3.7,318,108,0,No,0,Yes,I,35,90,152,
230,University of Maryland (College Park),MS HCI,2019,21-Mar-19,Rejected,3.5,NA,NA,0,No,0,Yes,A,35,90,152,
231,University of Maryland (College Park),MS HCI,2019,14-Mar-19,Accepted,3.53,310,100,0.5,No,0,Yes,I,35,90,152,
232,University of Maryland (College Park),MS HCI,2019,14-Mar-19,Accepted,3.55,NA,NA,5,Yes,1,Yes,A,35,90,152,
233,Carnegie Mellon,MHCI,2021,18-Mar-21,Accepted,3.6,329,NA,1,No,0,Yes,A,60,28,51,Jan-15
234,Carnegie Mellon,MHCI,2021,18-Mar-21,Accepted,3.7,328,NA,3,No,0,Yes,A,60,28,51,Jan-15
235,Carnegie Mellon,MHCI,2021,23-Feb-21,Rejected,3.4,324,117,1,No,0,Yes,U,60,28,51,Jan-15
236,Carnegie Mellon,MHCI,2021,Pending,Rejected,3.22,325,NA,2,Yes,0,Yes,A,60,28,51,Jan-15
237,Carnegie Mellon,MHCI,2021,Pending,Accepted,3.82,325,115,2,Yes,0,Yes,U,60,28,51,15-Jan-21
238,Carnegie Mellon,MHCI,2021,19-Mar-21,Rejected,3.9,325,110,0,Yes,2,Yes,I,60,28,51,
239,Carnegie Mellon,MHCI,2021,19-Mar-21,Rejected,3.54,324,107,0.5,Yes,0,Yes,I,60,28,51,
240,Carnegie Mellon,MHCI,2021,19-Mar-21,Rejected,3.4,320,NA,0,Yes,0,Yes,A,60,28,51,
241,Carnegie Mellon,MHCI,2021,19-Mar-21,Rejected,3.7,324,105,0.5,No,0,Yes,I,60,28,51,
242,Carnegie Mellon,MHCI,2021,04-Mar-21,Accepted,3.86,320,NA,1,Yes,0,Yes,A,60,28,51,
243,Carnegie Mellon,MHCI,2021,24-Mar-21,Rejected,3.7,332,115,0,Yes,0,Yes,I,60,28,51,
244,Carnegie Mellon,MHCI,2021,04-Mar-21,Accepted,3.8,325,110,2,Yes,0,Yes,I,60,28,51,
245,Carnegie Mellon,MHCI,2020,13-Mar-20,Rejected,3.2,283,95,1.5,No,0,Yes,I,60,28,51,
246,Carnegie Mellon,MHCI,2020,13-Mar-20,Rejected,3.2,308,104,3.5,No,0,Yes,I,60,28,51,
247,Carnegie Mellon,MHCI,2020,13-Mar-20,Rejected,3.8,325,114,0.5,No,0,Yes,I,60,28,51,
248,Carnegie Mellon,MHCI,2020,04-Mar-20,Accepted,3.8,321,115,1.5,Yes,0,Yes,I,60,28,51,
249,Carnegie Mellon,MHCI,2020,04-Mar-20,Accepted,3.8,325,118,3,Yes,0,Yes,I,60,28,51,
250,Carnegie Mellon,MHCI,2020,13-Mar-20,Rejected,3.7,324,117,0.5,Yes,1,Yes,I,60,28,51,
251,Carnegie Mellon,MHCI,2020,04-Mar-20,Accepted,3.92,322,NA,2,Yes,0,Yes,A,60,28,51,
252,Carnegie Mellon,MHCI,2020,04-Mar-20,Accepted,3.7,324,NA,3,Yes,0,Yes,U,60,28,51,
253,Carnegie Mellon,MHCI,2020,04-Mar-20,Accepted,3.8,320,NA,4,No,0,Yes,A,60,28,51,
254,Carnegie Mellon,MHCI,2020,04-Mar-20,Accepted,3.8,325,NA,3,Yes,0,Yes,A,60,28,51,
255,Carnegie Mellon,MHCI,2020,04-Mar-20,Accepted,3.6,318,NA,1.5,Yes,0,Yes,A,60,28,51,
